{
  "basic_performance": {
    "baseline_time": 0.0009961128234863281,
    "filter_time": 0.0010709762573242188,
    "performance_impact": 7.515557683101963,
    "performance_ok": false,
    "total_images": 1000,
    "kept_count": 500,
    "filtered_count": 500
  },
  "size_performance": {
    "50x32": {
      "baseline_time": 0.0005259513854980469,
      "filter_time": 0.0005736351013183594,
      "performance_impact": 9.066183136899365,
      "performance_ok": false
    },
    "100x32": {
      "baseline_time": 0.0005664825439453125,
      "filter_time": 0.0012621879577636719,
      "performance_impact": 122.81144781144782,
      "performance_ok": false
    },
    "200x32": {
      "baseline_time": 0.0012400150299072266,
      "filter_time": 0.0018520355224609375,
      "performance_impact": 49.35589309748125,
      "performance_ok": false
    },
    "500x32": {
      "baseline_time": 0.0024445056915283203,
      "filter_time": 0.0005846023559570312,
      "performance_impact": -76.08504827855262,
      "performance_ok": false
    }
  },
  "overall_ok": false,
  "timestamp": 1756887607.985722
}